Time,Iterations,Result,Minimum,Maximum,Average,warmUp
0:00:30,27322,949.1126453235804,86.60705926766943,4770.540879631446,918.1691028587188,true
