Time,Iterations,Result,Minimum,Maximum,Average,warmUp
0:00:30,27322,352.676219,62.885951,3463.920869,326.73499793466794,true
